-- =================================================================
-- SQL Data Import for ScaleBiz White-Label Application
-- =================================================================
-- This script populates the database with initial data for all stores.
-- It is designed to be idempotent, meaning it can be run multiple times
-- without creating duplicate entries.

-- Select the database to use
USE scalebiz_db;

-- Temporarily disable foreign key checks to allow for easy truncation and insertion
SET FOREIGN_KEY_CHECKS=0;

-- =================================================================
-- Truncate Tables
-- Description: Clears all existing data to ensure a clean import.
-- =================================================================
TRUNCATE TABLE store_configurations;
TRUNCATE TABLE product_categories;
TRUNCATE TABLE categories;
TRUNCATE TABLE products;
TRUNCATE TABLE users;
TRUNCATE TABLE pages;
TRUNCATE TABLE orders;
TRUNCATE TABLE order_items;
TRUNCATE TABLE stores;

-- =================================================================
-- Table: stores
-- Description: Defines the 5 stores for development.
-- =================================================================
INSERT INTO `stores` (`id`, `store_id`, `hostname`, `store_name`, `logo_url`, `favicon_url`) VALUES
(1, 'basic-1', 'localhost:32100', 'Elessi', 'https://maxblesdigital.com/wp-content/uploads/2025/07/maxbles-final-color-1-1536x354.png', '/favicon.ico'),
(2, 'basic-2', 'localhost:3000', 'Elessi', 'https://maxblesdigital.com/wp-content/uploads/2025/07/maxbles-final-color-1-1536x354.png', '/favicon.ico'),
(3, 'standard', 'localhost:3001', 'Chic Boutique (Standard)', 'https://maxblesdigital.com/wp-content/uploads/2025/07/maxbles-final-color-1-1536x354.png', '/favicon.ico'),
(4, 'premium', 'localhost:3002', 'Gadget Galaxy (Premium)', 'https://maxblesdigital.com/wp-content/uploads/2025/07/maxbles-final-color-1-1536x354.png', '/favicon.ico'),
(5, 'diamond', 'localhost:3003', 'Urban Threads (Diamond)', 'https://maxblesdigital.com/wp-content/uploads/2025/07/maxbles-final-color-1-1536x354.png', '/favicon.ico');

-- =================================================================
-- Table: store_configurations
-- Description: Inserts the unique JSON configurations for each store.
-- =================================================================
INSERT INTO `store_configurations` (`store_id`, `theme_settings`, `layout_settings`, `page_settings`) VALUES
(1,
'{"name": "basic", "primaryColor": "#3F51B5", "secondaryColor": "#FFFFFF", "accentColor": "#FFC107", "textColor": "#212121", "typography": {"headingFont": "Roboto", "bodyFont": "Open Sans"}, "buttonStyle": {"cornerRadius": "8px", "style": "solid"}, "announcementBar": {"backgroundColor": "#3F51B5", "textColor": "#FFFFFF"}, "productCardStyle": "default"}',
'{"announcementBar": {"enabled": true, "text": "Free shipping on all orders over $50!", "backgroundColor": "#3F51B5", "textColor": "#FFFFFF"}, "header": {"layoutStyle": "logo-left-nav-right", "navItems": [{"title": "Home", "path": "/"}, {"title": "Categories", "type": "mega-menu", "menuColumns": [{"title": "Apparel", "path": "/collections/apparel", "subCategories": [{"title": "Tops", "path": "/collections/tops"}, {"title": "Bottoms", "path": "/collections/bottoms"}, {"title": "Dresses", "path": "/collections/dresses"}]}, {"title": "Accessories", "path": "/collections/accessories", "subCategories": [{"title": "Bags", "path": "/collections/bags"}, {"title": "Jewelry", "path": "/collections/jewelry"}, {"title": "Hats", "path": "/collections/hats"}]}, {"title": "Footwear", "path": "/collections/footwear", "subCategories": [{"title": "Sneakers", "path": "/collections/sneakers"}, {"title": "Boots", "path": "/collections/boots"}, {"title": "Sandals", "path": "/collections/sandals"}]}, {"title": "Outerwear", "path": "/collections/outerwear", "subCategories": [{"title": "Jackets", "path": "/collections/jackets"}, {"title": "Coats", "path": "/collections/coats"}]}]}, {"title": "SHOP", "type": "dropdown", "subLinks": [{"title": "New Arrivals", "path": "/collections/new"}, {"title": "Best Sellers", "path": "/collections/best-sellers"}, {"title": "Sale", "path": "/collections/sale"}, {"title": "All Products", "path": "/collections/all"}]}, {"title": "ELEMENTS", "type": "dropdown", "subLinks": [{"title": "Buttons", "path": "/elements/buttons"}, {"title": "Cards", "path": "/elements/cards"}, {"title": "Forms", "path": "/elements/forms"}, {"title": "Modals", "path": "/elements/modals"}]}, {"title": "PAGES", "type": "dropdown", "subLinks": [{"title": "About Us", "path": "/about"}, {"title": "FAQ", "path": "/faq"}]}, {"title": "Blog", "type": "dropdown", "subLinks": [{"title": "All Posts", "path": "/blog"}, {"title": "Fashion News", "path": "/blog/fashion-news"}, {"title": "Style Guides", "path": "/blog/style-guides"}, {"title": "Interviews", "path": "/blog/interviews"}]}, {"title": "Contact", "path": "/contact"}, {"title": "VENDORS", "type": "dropdown", "subLinks": [{"title": "Top Brands", "path": "/vendors/top"}, {"title": "New Vendors", "path": "/vendors/new"}, {"title": "Partner Program", "path": "/vendors/partner"}]}]}, "footer": {"layoutStyle": "detailed-info", "storeInfo": {"address": "Calista Wise 7292 Dictum Av. Antonio, Italy.", "phone": "(+01)-800-3456-88", "email": "nasathemes@gmail.com", "website": "elessi.nasatheme.com"}, "newsletter": {"placeholder": "Enter your email here", "buttonText": "SUBSCRIBE"}, "columns": [{"title": "Delivery Information", "links": [{"title": "Privacy Policy", "path": "/privacy"}, {"title": "Terms & Condition", "path": "/terms"}, {"title": "Search Terms", "path": "/search"}, {"title": "Order & Return", "path": "/returns"}]}, {"title": "Customer Service", "links": [{"title": "Privacy Policy", "path": "/privacy"}, {"title": "Terms & Condition", "path": "/terms"}, {"title": "Best Seller", "path": "/best-sellers"}, {"title": "Manufactures", "path": "/manufacturers"}]}], "openingHours": [{"day": "Monday - Friday", "hours": "08:00 - 20:00"}, {"day": "Saturday", "hours": "09:00 - 21:00"}, {"day": "Sunday", "hours": "13:00 - 22:00"}], "paymentIcons": ["https://elessi.nasatheme.com/wp-content/uploads/2020/08/visa.png", "https://elessi.nasatheme.com/wp-content/uploads/2020/08/mastercard.png", "https://elessi.nasatheme.com/wp-content/uploads/2020/08/discover.png", "https://elessi.nasatheme.com/wp-content/uploads/2020/08/paypal.png"], "bottomLinks": [{"title": "Accessibility", "path": "/accessibility"}, {"title": "Store Directory", "path": "/store-directory"}, {"title": "About Us", "path": "/about"}, {"title": "Contact", "path": "/contact"}], "copyrightText": "© 2024 Elessi. All rights reserved.", "socialLinks": [{"platform": "twitter", "url": "https://twitter.com"}, {"platform": "facebook", "url": "https://facebook.com"}, {"platform": "mail", "url": "mailto:nasathemes@gmail.com"}, {"platform": "instagram", "url": "https://instagram.com"}]}, "productCard": {"style": "overlay", "buttonColor": "#E65100"}}',
'{"landingPage": {"components": [{"type": "heroBannerSlider", "data": {"banners": [{"imageUrl": "https://elessi.b-cdn.net/elementor/wp-content/uploads/2016/06/slider-home-furniture.jpg", "title": "Home Furniture", "subtitle": "Comfort and elegance for your home", "ctaButton": {"text": "Discover Furniture", "link": "/collections/furniture"}}, {"imageUrl": "https://elessi.b-cdn.net/elementor/wp-content/uploads/2016/06/slider01.jpg", "title": "Fresh Styles", "subtitle": "Step into the new season", "ctaButton": {"text": "View Collection", "link": "/collections/fresh-styles"}}]}}, {"type": "productCarousel", "data": {"title": "Featured Products", "query": {"collectionId": "featured"}, "products": []}}, {"type": "featuredCategories", "data": {"title": "Shop by Category", "categories": [{"name": "Apparel", "imageUrl": "https://elessi.b-cdn.net/elementor/wp-content/uploads/2020/05/5559315400_2_1_1-450x575.jpg", "link": "/collections/apparel"}, {"name": "Accessories", "imageUrl": "https://elessi.b-cdn.net/elementor/wp-content/uploads/2020/06/5713200620_2_1_11-450x575.jpg", "link": "/collections/accessories"}, {"name": "Footwear", "imageUrl": "https://elessi.b-cdn.net/elementor/wp-content/uploads/2020/05/0519492505_2_3_1-450x575.jpg", "link": "/collections/footwear"}, {"name": "Outerwear", "imageUrl": "https://elessi.b-cdn.net/elementor/wp-content/uploads/2020/06/5472330305_2_5_12-450x575.jpg", "link": "/collections/outerwear"}]}}, {"type": "productCarousel", "data": {"title": "Best Sellers", "query": {"collectionId": "best-sellers"}, "products": []}}]}}'
),
(2,
'{"name": "basic", "primaryColor": "#3F51B5", "secondaryColor": "#FFFFFF", "accentColor": "#FFC107", "textColor": "#212121", "typography": {"headingFont": "Roboto", "bodyFont": "Open Sans"}, "buttonStyle": {"cornerRadius": "8px", "style": "solid"}, "announcementBar": {"backgroundColor": "#3F51B5", "textColor": "#FFFFFF"}, "productCardStyle": "default"}',
'{"announcementBar": {"enabled": true, "text": "Free shipping on all orders over $50!", "backgroundColor": "#3F51B5", "textColor": "#FFFFFF"}, "header": {"layoutStyle": "logo-left-nav-right", "navItems": [{"title": "Home", "path": "/"}, {"title": "Categories", "type": "mega-menu", "menuColumns": [{"title": "Apparel", "path": "/collections/apparel", "subCategories": [{"title": "Tops", "path": "/collections/tops"}, {"title": "Bottoms", "path": "/collections/bottoms"}, {"title": "Dresses", "path": "/collections/dresses"}]}, {"title": "Accessories", "path": "/collections/accessories", "subCategories": [{"title": "Bags", "path": "/collections/bags"}, {"title": "Jewelry", "path": "/collections/jewelry"}, {"title": "Hats", "path": "/collections/hats"}]}, {"title": "Footwear", "path": "/collections/footwear", "subCategories": [{"title": "Sneakers", "path": "/collections/sneakers"}, {"title": "Boots", "path": "/collections/boots"}, {"title": "Sandals", "path": "/collections/sandals"}]}, {"title": "Outerwear", "path": "/collections/outerwear", "subCategories": [{"title": "Jackets", "path": "/collections/jackets"}, {"title": "Coats", "path": "/collections/coats"}]}]}, {"title": "SHOP", "type": "dropdown", "subLinks": [{"title": "New Arrivals", "path": "/collections/new"}, {"title": "Best Sellers", "path": "/collections/best-sellers"}, {"title": "Sale", "path": "/collections/sale"}, {"title": "All Products", "path": "/collections/all"}]}, {"title": "ELEMENTS", "type": "dropdown", "subLinks": [{"title": "Buttons", "path": "/elements/buttons"}, {"title": "Cards", "path": "/elements/cards"}, {"title": "Forms", "path": "/elements/forms"}, {"title": "Modals", "path": "/elements/modals"}]}, {"title": "PAGES", "type": "dropdown", "subLinks": [{"title": "About Us", "path": "/about"}, {"title": "FAQ", "path": "/faq"}]}, {"title": "Blog", "type": "dropdown", "subLinks": [{"title": "All Posts", "path": "/blog"}, {"title": "Fashion News", "path": "/blog/fashion-news"}, {"title": "Style Guides", "path": "/blog/style-guides"}, {"title": "Interviews", "path": "/blog/interviews"}]}, {"title": "Contact", "path": "/contact"}, {"title": "VENDORS", "type": "dropdown", "subLinks": [{"title": "Top Brands", "path": "/vendors/top"}, {"title": "New Vendors", "path": "/vendors/new"}, {"title": "Partner Program", "path": "/vendors/partner"}]}]}, "footer": {"layoutStyle": "detailed-info", "storeInfo": {"address": "Calista Wise 7292 Dictum Av. Antonio, Italy.", "phone": "(+01)-800-3456-88", "email": "nasathemes@gmail.com", "website": "elessi.nasatheme.com"}, "newsletter": {"placeholder": "Enter your email here", "buttonText": "SUBSCRIBE"}, "columns": [{"title": "Delivery Information", "links": [{"title": "Privacy Policy", "path": "/privacy"}, {"title": "Terms & Condition", "path": "/terms"}, {"title": "Search Terms", "path": "/search"}, {"title": "Order & Return", "path": "/returns"}]}, {"title": "Customer Service", "links": [{"title": "Privacy Policy", "path": "/privacy"}, {"title": "Terms & Condition", "path": "/terms"}, {"title": "Best Seller", "path": "/best-sellers"}, {"title": "Manufactures", "path": "/manufacturers"}]}], "openingHours": [{"day": "Monday - Friday", "hours": "08:00 - 20:00"}, {"day": "Saturday", "hours": "09:00 - 21:00"}, {"day": "Sunday", "hours": "13:00 - 22:00"}], "paymentIcons": ["https://elessi.nasatheme.com/wp-content/uploads/2020/08/visa.png", "https://elessi.nasatheme.com/wp-content/uploads/2020/08/mastercard.png", "https://elessi.nasatheme.com/wp-content/uploads/2020/08/discover.png", "https://elessi.nasatheme.com/wp-content/uploads/2020/08/paypal.png"], "bottomLinks": [{"title": "Accessibility", "path": "/accessibility"}, {"title": "Store Directory", "path": "/store-directory"}, {"title": "About Us", "path": "/about"}, {"title": "Contact", "path": "/contact"}], "copyrightText": "© 2024 Elessi. All rights reserved.", "socialLinks": [{"platform": "twitter", "url": "https://twitter.com"}, {"platform": "facebook", "url": "https://facebook.com"}, {"platform": "mail", "url": "mailto:nasathemes@gmail.com"}, {"platform": "instagram", "url": "https://instagram.com"}]}, "productCard": {"style": "overlay", "buttonColor": "#E65100"}}',
'{"landingPage": {"components": [{"type": "heroBannerSlider", "data": {"banners": [{"imageUrl": "https://elessi.b-cdn.net/elementor/wp-content/uploads/2016/06/slider-home-furniture.jpg", "title": "Home Furniture", "subtitle": "Comfort and elegance for your home", "ctaButton": {"text": "Discover Furniture", "link": "/collections/furniture"}}, {"imageUrl": "https://elessi.b-cdn.net/elementor/wp-content/uploads/2016/06/slider01.jpg", "title": "Fresh Styles", "subtitle": "Step into the new season", "ctaButton": {"text": "View Collection", "link": "/collections/fresh-styles"}}]}}, {"type": "productCarousel", "data": {"title": "Featured Products", "query": {"collectionId": "featured"}, "products": []}}, {"type": "featuredCategories", "data": {"title": "Shop by Category", "categories": [{"name": "Apparel", "imageUrl": "https://elessi.b-cdn.net/elementor/wp-content/uploads/2020/05/5559315400_2_1_1-450x575.jpg", "link": "/collections/apparel"}, {"name": "Accessories", "imageUrl": "https://elessi.b-cdn.net/elementor/wp-content/uploads/2020/06/5713200620_2_1_11-450x575.jpg", "link": "/collections/accessories"}, {"name": "Footwear", "imageUrl": "https://elessi.b-cdn.net/elementor/wp-content/uploads/2020/05/0519492505_2_3_1-450x575.jpg", "link": "/collections/footwear"}, {"name": "Outerwear", "imageUrl": "https://elessi.b-cdn.net/elementor/wp-content/uploads/2020/06/5472330305_2_5_12-450x575.jpg", "link": "/collections/outerwear"}]}}, {"type": "productCarousel", "data": {"title": "Best Sellers", "query": {"collectionId": "best-sellers"}, "products": []}}]}}'
),
(3,
'{"name": "standard", "primaryColor": "#F0C2C2", "secondaryColor": "#FFFFFF", "accentColor": "#E0B0B0", "textColor": "#212121", "typography": {"headingFont": "Montserrat", "bodyFont": "Lato"}, "buttonStyle": {"cornerRadius": "4px", "style": "solid"}, "announcementBar": {"backgroundColor": "#F0C2C2", "textColor": "#212121"}, "productCardStyle": "minimal"}',
'{"announcementBar": {"enabled": false, "text": "", "backgroundColor": "", "textColor": ""}, "header": {"layoutStyle": "logo-center", "navItems": [{"title": "Home", "path": "/"}, {"title": "New In", "path": "/collections/new-in"}, {"title": "Sale", "path": "/collections/sale"}, {"title": "Blog", "path": "/blog"}]}, "footer": {"layoutStyle": "contact-and-links", "contactInfo": {"address": "123 Fashion Street, Suite 400, New York, NY 10001", "phone": "+1 (555) 123-4567", "email": "info@chicboutique.com"}, "columns": [{"title": "Shop", "links": [{"title": "New Arrivals", "path": "/collections/new"}, {"title": "Dresses", "path": "/collections/dresses"}, {"title": "Accessories", "path": "/collections/accessories"}, {"title": "Sale", "path": "/collections/sale"}]}, {"title": "Customer Service", "links": [{"title": "Contact Us", "path": "/contact"}, {"title": "FAQs", "path": "/faq"}, {"title": "Shipping & Returns", "path": "/shipping-returns"}, {"title": "Size Guide", "path": "/size-guide"}]}], "copyrightText": "© 2024 Chic Boutique. All rights reserved.", "socialLinks": [{"platform": "facebook", "url": "https://facebook.com/chicboutique"}, {"platform": "instagram", "url": "https://instagram.com/chicboutique"}, {"platform": "twitter", "url": "https://twitter.com/chicboutique"}]}}',
'{"landingPage": {"components": [{"type": "heroBannerSlider", "data": {"banners": [{"imageUrl": "https://elessi.nasatheme.com/wp-content/uploads/2020/08/Slider_02-1.jpg", "title": "Autumn & Winter 2024", "subtitle": "Discover our latest collection", "ctaButton": {"text": "Shop Now", "link": "/collections/autumn-winter"}}, {"imageUrl": "https://elessi.b-cdn.net/elementor/wp-content/uploads/2016/06/bag-slider0.jpg", "title": "Mini Backpack", "subtitle": "Bags & Accessories", "ctaButton": {"text": "Shop Bags", "link": "/collections/bags"}}]}}, {"type": "productCarousel", "data": {"title": "For Her", "query": {"collectionId": "for-her"}, "products": []}}, {"type": "productCarousel", "data": {"title": "For Him", "query": {"collectionId": "for-him"}, "products": []}}, {"type": "productCarousel", "data": {"title": "Top Rated", "query": {"collectionId": "top-rated"}, "products": []}}]}}'
),
(4,
'{"name": "premium", "primaryColor": "#FF9800", "secondaryColor": "#FFFFFF", "accentColor": "#E65100", "textColor": "#212121", "typography": {"headingFont": "Oswald", "bodyFont": "Lato"}, "buttonStyle": {"cornerRadius": "4px", "style": "solid"}, "announcementBar": {"backgroundColor": "#FF9800", "textColor": "#FFFFFF"}, "productCardStyle": "overlay"}',
'{"announcementBar": {"enabled": true, "text": "Limited time offer: 25% off all accessories!", "backgroundColor": "#FF9800", "textColor": "#FFFFFF"}, "header": {"layoutStyle": "logo-left-nav-right", "navItems": [{"title": "Home", "path": "/"}, {"title": "Electronics", "path": "/collections/electronics"}, {"title": "Audio", "path": "/collections/audio"}, {"title": "Gaming", "path": "/collections/gaming"}]}, "footer": {"layoutStyle": "multi-column", "columns": [{"title": "Products", "links": [{"title": "Mobile", "path": "/collections/mobile"}, {"title": "Accessories", "path": "/collections/accessories"}]}, {"title": "Company", "links": [{"title": "About Us", "path": "/about"}, {"title": "Contact", "path": "/contact"}]}], "copyrightText": "© 2024 Gadget Galaxy. All rights reserved.", "socialLinks": [{"platform": "facebook", "url": "https://facebook.com/gadgetgalaxy"}, {"platform": "youtube", "url": "https://youtube.com/gadgetgalaxy"}]}}',
'{"landingPage": {"components": [{"type": "heroBannerSlider", "data": {"banners": [{"imageUrl": "https://elessi.b-cdn.net/elementor/wp-content/uploads/2016/06/slider-home-furniture.jpg", "title": "Select Your Accessories", "subtitle": "Over 10,000 Accessories", "ctaButton": {"text": "Shop Now", "link": "/collections/accessories"}}]}}, {"type": "featuredCategories", "data": {"title": "Featured Categories", "categories": [{"name": "Mobile", "imageUrl": "https://elessi.b-cdn.net/elementor/wp-content/uploads/2019/02/317918L500549_L500549_2-1-450x575.jpg", "link": "/collections/mobile"}, {"name": "Headphones & Speakers", "imageUrl": "https://elessi.b-cdn.net/elementor/wp-content/uploads/2019/02/1860201031512_h5787fd954dac8-450x575.jpg", "link": "/collections/headphones"}, {"name": "Mice & Keyboards", "imageUrl": "https://elessi.b-cdn.net/elementor/wp-content/uploads/2021/10/cooper-zeon-rs3-s_1-450x450.jpg", "link": "/collections/keyboards"}, {"name": "Gaming & Toys", "imageUrl": "https://elessi.b-cdn.net/elementor/wp-content/uploads/2021/10/rtx-crystal-blue-white-stripes_1-450x450.jpg", "link": "/collections/gaming"}]}}, {"type": "productCarousel", "data": {"title": "New Arrivals", "query": {"collectionId": "new-arrivals"}, "products": []}}, {"type": "productCarousel", "data": {"title": "Top Rated", "query": {"collectionId": "top-rated"}, "products": []}}]}}'
),
(5,
'{"name": "diamond", "primaryColor": "#A1887F", "secondaryColor": "#FFFFFF", "accentColor": "#6D4C41", "textColor": "#212121", "typography": {"headingFont": "Roboto", "bodyFont": "Open Sans"}, "buttonStyle": {"cornerRadius": "4px", "style": "solid"}, "announcementBar": {"backgroundColor": "#A1887F", "textColor": "#FFFFFF"}, "productCardStyle": "default"}',
'{"announcementBar": {"enabled": false, "text": "", "backgroundColor": "", "textColor": ""}, "header": {"layoutStyle": "logo-center", "navItems": [{"title": "Home", "path": "/"}, {"title": "Collections", "path": "/collections/all"}, {"title": "Lookbook", "path": "/lookbook"}, {"title": "Contact", "path": "/contact"}]}, "footer": {"layoutStyle": "simple", "columns": [], "copyrightText": "© 2024 Urban Threads. All rights reserved.", "socialLinks": [{"platform": "instagram", "url": "https://instagram.com/urbanthreads"}, {"platform": "facebook", "url": "https://facebook.com/urbanthreads"}]}}',
'{"landingPage": {"components": [{"type": "heroBannerSlider", "data": {"banners": [{"imageUrl": "https://elessi.b-cdn.net/elementor/wp-content/uploads/2016/06/slider01.jpg", "title": "Travel Boots", "subtitle": "$99.00", "ctaButton": {"text": "Shop Now", "link": "/products/prod1"}}, {"imageUrl": "https://elessi.b-cdn.net/elementor/wp-content/uploads/2016/06/slider02.jpg", "title": "New season 2023", "subtitle": "Trendy & Modern", "ctaButton": {"text": "Discover", "link": "/collections/new-season"}}, {"imageUrl": "https://elessi.b-cdn.net/elementor/wp-content/uploads/2016/06/slider03.jpg", "title": "Pink Platform Sneakers", "subtitle": "$299.00", "ctaButton": {"text": "Shop Now", "link": "/products/prod3"}}]}}, {"type": "productCarousel", "data": {"title": "Trendy Item", "query": {"collectionId": "trendy"}, "products": []}}]}}'
);

-- =================================================================
-- Table: categories
-- Description: Inserts a standard set of categories for each store.
-- =================================================================
INSERT INTO `categories` (`store_id`, `name`, `slug`, `image_url`) VALUES
(1, 'Apparel', 'apparel', 'https://elessi.b-cdn.net/elementor/wp-content/uploads/2020/05/5559315400_2_1_1-450x575.jpg'),
(1, 'Accessories', 'accessories', 'https://elessi.b-cdn.net/elementor/wp-content/uploads/2020/06/5713200620_2_1_11-450x575.jpg'),
(1, 'Footwear', 'footwear', 'https://elessi.b-cdn.net/elementor/wp-content/uploads/2020/05/0519492505_2_3_1-450x575.jpg'),
(1, 'Outerwear', 'outerwear', 'https://elessi.b-cdn.net/elementor/wp-content/uploads/2020/06/5472330305_2_5_12-450x575.jpg'),
(1, 'Bags', 'bags', 'https://elessi.b-cdn.net/elementor/wp-content/uploads/2019/02/317918L500549_L500549_2-1-450x575.jpg'),
(1, 'Watches', 'watches', 'https://elessi.b-cdn.net/elementor/wp-content/uploads/2019/02/1860201031512_h5787fd954dac8-450x575.jpg'),
(1, 'Home Goods', 'home-goods', 'https://elessi.b-cdn.net/elementor/wp-content/uploads/2021/10/cooper-zeon-rs3-s_1-450x450.jpg'),
(1, 'Electronics', 'electronics', 'https://elessi.b-cdn.net/elementor/wp-content/uploads/2021/10/rtx-crystal-blue-white-stripes_1-450x450.jpg'),
(2, 'Apparel', 'apparel', 'https://elessi.b-cdn.net/elementor/wp-content/uploads/2020/05/5559315400_2_1_1-450x575.jpg'),
(2, 'Accessories', 'accessories', 'https://elessi.b-cdn.net/elementor/wp-content/uploads/2020/06/5713200620_2_1_11-450x575.jpg'),
(2, 'Footwear', 'footwear', 'https://elessi.b-cdn.net/elementor/wp-content/uploads/2020/05/0519492505_2_3_1-450x575.jpg'),
(2, 'Outerwear', 'outerwear', 'https://elessi.b-cdn.net/elementor/wp-content/uploads/2020/06/5472330305_2_5_12-450x575.jpg'),
(2, 'Bags', 'bags', 'https://elessi.b-cdn.net/elementor/wp-content/uploads/2019/02/317918L500549_L500549_2-1-450x575.jpg'),
(2, 'Watches', 'watches', 'https://elessi.b-cdn.net/elementor/wp-content/uploads/2019/02/1860201031512_h5787fd954dac8-450x575.jpg'),
(2, 'Home Goods', 'home-goods', 'https://elessi.b-cdn.net/elementor/wp-content/uploads/2021/10/cooper-zeon-rs3-s_1-450x450.jpg'),
(2, 'Electronics', 'electronics', 'https://elessi.b-cdn.net/elementor/wp-content/uploads/2021/10/rtx-crystal-blue-white-stripes_1-450x450.jpg'),
(3, 'Apparel', 'apparel', 'https://elessi.b-cdn.net/elementor/wp-content/uploads/2020/05/5559315400_2_1_1-450x575.jpg'),
(3, 'Accessories', 'accessories', 'https://elessi.b-cdn.net/elementor/wp-content/uploads/2020/06/5713200620_2_1_11-450x575.jpg'),
(3, 'Footwear', 'footwear', 'https://elessi.b-cdn.net/elementor/wp-content/uploads/2020/05/0519492505_2_3_1-450x575.jpg'),
(3, 'Outerwear', 'outerwear', 'https://elessi.b-cdn.net/elementor/wp-content/uploads/2020/06/5472330305_2_5_12-450x575.jpg'),
(3, 'Bags', 'bags', 'https://elessi.b-cdn.net/elementor/wp-content/uploads/2019/02/317918L500549_L500549_2-1-450x575.jpg'),
(3, 'Watches', 'watches', 'https://elessi.b-cdn.net/elementor/wp-content/uploads/2019/02/1860201031512_h5787fd954dac8-450x575.jpg'),
(3, 'Home Goods', 'home-goods', 'https://elessi.b-cdn.net/elementor/wp-content/uploads/2021/10/cooper-zeon-rs3-s_1-450x450.jpg'),
(3, 'Electronics', 'electronics', 'https://elessi.b-cdn.net/elementor/wp-content/uploads/2021/10/rtx-crystal-blue-white-stripes_1-450x450.jpg'),
(4, 'Apparel', 'apparel', 'https://elessi.b-cdn.net/elementor/wp-content/uploads/2020/05/5559315400_2_1_1-450x575.jpg'),
(4, 'Accessories', 'accessories', 'https://elessi.b-cdn.net/elementor/wp-content/uploads/2020/06/5713200620_2_1_11-450x575.jpg'),
(4, 'Footwear', 'footwear', 'https://elessi.b-cdn.net/elementor/wp-content/uploads/2020/05/0519492505_2_3_1-450x575.jpg'),
(4, 'Outerwear', 'outerwear', 'https://elessi.b-cdn.net/elementor/wp-content/uploads/2020/06/5472330305_2_5_12-450x575.jpg'),
(4, 'Bags', 'bags', 'https://elessi.b-cdn.net/elementor/wp-content/uploads/2019/02/317918L500549_L500549_2-1-450x575.jpg'),
(4, 'Watches', 'watches', 'https://elessi.b-cdn.net/elementor/wp-content/uploads/2019/02/1860201031512_h5787fd954dac8-450x575.jpg'),
(4, 'Home Goods', 'home-goods', 'https://elessi.b-cdn.net/elementor/wp-content/uploads/2021/10/cooper-zeon-rs3-s_1-450x450.jpg'),
(4, 'Electronics', 'electronics', 'https://elessi.b-cdn.net/elementor/wp-content/uploads/2021/10/rtx-crystal-blue-white-stripes_1-450x450.jpg'),
(5, 'Apparel', 'apparel', 'https://elessi.b-cdn.net/elementor/wp-content/uploads/2020/05/5559315400_2_1_1-450x575.jpg'),
(5, 'Accessories', 'accessories', 'https://elessi.b-cdn.net/elementor/wp-content/uploads/2020/06/5713200620_2_1_11-450x575.jpg'),
(5, 'Footwear', 'footwear', 'https://elessi.b-cdn.net/elementor/wp-content/uploads/2020/05/0519492505_2_3_1-450x575.jpg'),
(5, 'Outerwear', 'outerwear', 'https://elessi.b-cdn.net/elementor/wp-content/uploads/2020/06/5472330305_2_5_12-450x575.jpg'),
(5, 'Bags', 'bags', 'https://elessi.b-cdn.net/elementor/wp-content/uploads/2019/02/317918L500549_L500549_2-1-450x575.jpg'),
(5, 'Watches', 'watches', 'https://elessi.b-cdn.net/elementor/wp-content/uploads/2019/02/1860201031512_h5787fd954dac8-450x575.jpg'),
(5, 'Home Goods', 'home-goods', 'https://elessi.b-cdn.net/elementor/wp-content/uploads/2021/10/cooper-zeon-rs3-s_1-450x450.jpg'),
(5, 'Electronics', 'electronics', 'https://elessi.b-cdn.net/elementor/wp-content/uploads/2021/10/rtx-crystal-blue-white-stripes_1-450x450.jpg');

-- =================================================================
-- Table: products
-- Description: Inserts the 20 dummy products for each of the 5 stores.
-- =================================================================
-- This is a long list, as it's 20 products * 5 stores = 100 product entries.
-- I'll use a loop structure in a higher-level language to generate this, but here's the raw SQL.
INSERT INTO `products` (`store_id`, `name`, `price`, `image_url`, `hover_image_url`, `description`, `gender`) VALUES
(1, 'Stylish Handbag', 75.00, 'https://elessi.b-cdn.net/elementor/wp-content/uploads/2020/05/5559315400_2_1_1-450x575.jpg', 'https://elessi.b-cdn.net/elementor/wp-content/uploads/2020/06/5713200620_2_1_11-450x575.jpg', 'A chic handbag for everyday use.', 'unisex'),
(1, 'Elegant Dress', 120.00, 'https://elessi.b-cdn.net/elementor/wp-content/uploads/2020/05/0519492505_2_3_1-450x575.jpg', 'https://elessi.b-cdn.net/elementor/wp-content/uploads/2020/06/5472330305_2_5_12-450x575.jpg', 'Perfect for any special occasion.', 'women'),
(1, 'Casual Sneakers', 60.00, 'https://elessi.b-cdn.net/elementor/wp-content/uploads/2019/02/317918L500549_L500549_2-1-450x575.jpg', 'https://elessi.b-cdn.net/elementor/wp-content/uploads/2019/02/1860201031512_h5787fd954dac8-450x575.jpg', 'Comfortable and trendy shoes.', 'unisex'),
(1, 'Denim Jacket', 90.00, 'https://elessi.b-cdn.net/elementor/wp-content/uploads/2021/10/cooper-zeon-rs3-s_1-450x450.jpg', 'https://elessi.b-cdn.net/elementor/wp-content/uploads/2021/10/rtx-crystal-blue-white-stripes_1-450x450.jpg', 'A classic denim jacket for all seasons.', 'men'),
(1, 'Leather Wallet', 45.00, 'https://elessi.b-cdn.net/elementor/wp-content/uploads/2021/10/5775-003-450x450.jpg', 'https://elessi.b-cdn.net/elementor/wp-content/uploads/2021/10/ic-80606145_1-450x450.jpg', 'High-quality leather wallet with multiple compartments.', 'unisex'),
(1, 'Sport Watch', 150.00, 'https://elessi.b-cdn.net/elementor/wp-content/uploads/2021/10/triton-caliper-bbk-22-450x450.jpg', 'https://elessi.b-cdn.net/elementor/wp-content/uploads/2021/10/spx3000-red-450x450.jpg', 'Durable and stylish watch for active lifestyles.', 'men'),
(1, 'Summer Hat', 25.00, 'https://elessi.b-cdn.net/elementor/wp-content/uploads/2021/10/10201s2mgyl-rear-450x450.jpg', 'https://elessi.b-cdn.net/elementor/wp-content/uploads/2021/10/rtx-ink-gold_1-450x450.jpg', 'Keep cool with this fashionable hat.', 'unisex'),
(1, 'Designer Sunglasses', 85.00, 'https://elessi.b-cdn.net/elementor/wp-content/uploads/2021/10/113359-wf-02-450x450.jpg', 'https://elessi.b-cdn.net/elementor/wp-content/uploads/2021/10/2-600x600-1-450x450.jpeg', 'Protect your eyes with these trendy shades.', 'unisex'),
(1, 'Bluetooth Headphones', 110.00, 'https://elessi.b-cdn.net/elementor/wp-content/uploads/2020/05/5559315400_2_1_1-450x575.jpg', 'https://elessi.b-cdn.net/elementor/wp-content/uploads/2020/06/5713200620_2_1_11-450x575.jpg', 'Immersive sound experience with wireless freedom.', 'unisex'),
(1, 'Travel Backpack', 95.00, 'https://elessi.b-cdn.net/elementor/wp-content/uploads/2020/05/0519492505_2_3_1-450x575.jpg', 'https://elessi.b-cdn.net/elementor/wp-content/uploads/2020/06/5472330305_2_5_12-450x575.jpg', 'Spacious and comfortable bag for your adventures.', 'unisex'),
(1, 'Yoga Mat', 30.00, 'https://elessi.b-cdn.net/elementor/wp-content/uploads/2019/02/317918L500549_L500549_2-1-450x575.jpg', 'https://elessi.b-cdn.net/elementor/wp-content/uploads/2019/02/1860201031512_h5787fd954dac8-450x575.jpg', 'Non-slip yoga mat for your daily practice.', 'unisex'),
(1, 'Coffee Maker', 70.00, 'https://elessi.b-cdn.net/elementor/wp-content/uploads/2021/10/cooper-zeon-rs3-s_1-450x450.jpg', 'https://elessi.b-cdn.net/elementor/wp-content/uploads/2021/10/rtx-crystal-blue-white-stripes_1-450x450.jpg', 'Brew your perfect cup of coffee at home.', 'unisex'),
(1, 'Gaming Mouse', 50.00, 'https://elessi.b-cdn.net/elementor/wp-content/uploads/2021/10/5775-003-450x450.jpg', 'https://elessi.b-cdn.net/elementor/wp-content/uploads/2021/10/ic-80606145_1-450x450.jpg', 'Precision and speed for serious gamers.', 'unisex'),
(1, 'Smart Speaker', 130.00, 'https://elessi.b-cdn.net/elementor/wp-content/uploads/2021/10/triton-caliper-bbk-22-450x450.jpg', 'https://elessi.b-cdn.net/elementor/wp-content/uploads/2021/10/spx3000-red-450x450.jpg', 'Voice-controlled speaker for your smart home.', 'unisex'),
(1, 'Portable Charger', 35.00, 'https://elessi.b-cdn.net/elementor/wp-content/uploads/2021/10/10201s2mgyl-rear-450x450.jpg', 'https://elessi.b-cdn.net/elementor/wp-content/uploads/2021/10/rtx-ink-gold_1-450x450.jpg', 'Never run out of battery on the go.', 'unisex'),
(1, 'Fitness Tracker', 80.00, 'https://elessi.b-cdn.net/elementor/wp-content/uploads/2021/10/113359-wf-02-450x450.jpg', 'https://elessi.b-cdn.net/elementor/wp-content/uploads/2021/10/2-600x600-1-450x450.jpeg', 'Monitor your health and activity levels.', 'unisex'),
(1, 'Graphic T-Shirt', 35.00, 'https://elessi.b-cdn.net/elementor/wp-content/uploads/2020/05/5559315400_2_1_1-450x575.jpg', 'https://elessi.b-cdn.net/elementor/wp-content/uploads/2020/06/5713200620_2_1_11-450x575.jpg', 'Cool graphic t-shirt.', 'men'),
(1, 'Comfortable Pants', 55.00, 'https://elessi.b-cdn.net/elementor/wp-content/uploads/2020/05/0519492505_2_3_1-450x575.jpg', 'https://elessi.b-cdn.net/elementor/wp-content/uploads/2020/06/5472330305_2_5_12-450x575.jpg', 'Relaxed fit pants.', 'women'),
(1, 'Winter Coat', 180.00, 'https://elessi.b-cdn.net/elementor/wp-content/uploads/2019/02/317918L500549_L500549_2-1-450x575.jpg', 'https://elessi.b-cdn.net/elementor/wp-content/uploads/2019/02/1860201031512_h5787fd954dac8-450x575.jpg', 'Warm winter coat.', 'unisex'),
(1, 'Running Shoes', 90.00, 'https://elessi.b-cdn.net/elementor/wp-content/uploads/2021/10/cooper-zeon-rs3-s_1-450x450.jpg', 'https://elessi.b-cdn.net/elementor/wp-content/uploads/2021/10/rtx-crystal-blue-white-stripes_1-450x450.jpg', 'Lightweight running shoes.', 'men'),
(2, 'Stylish Handbag', 75.00, 'https://elessi.b-cdn.net/elementor/wp-content/uploads/2020/05/5559315400_2_1_1-450x575.jpg', 'https://elessi.b-cdn.net/elementor/wp-content/uploads/2020/06/5713200620_2_1_11-450x575.jpg', 'A chic handbag for everyday use.', 'unisex'),
(2, 'Elegant Dress', 120.00, 'https://elessi.b-cdn.net/elementor/wp-content/uploads/2020/05/0519492505_2_3_1-450x575.jpg', 'https://elessi.b-cdn.net/elementor/wp-content/uploads/2020/06/5472330305_2_5_12-450x575.jpg', 'Perfect for any special occasion.', 'women'),
(2, 'Casual Sneakers', 60.00, 'https://elessi.b-cdn.net/elementor/wp-content/uploads/2019/02/317918L500549_L500549_2-1-450x575.jpg', 'https://elessi.b-cdn.net/elementor/wp-content/uploads/2019/02/1860201031512_h5787fd954dac8-450x575.jpg', 'Comfortable and trendy shoes.', 'unisex'),
(2, 'Denim Jacket', 90.00, 'https://elessi.b-cdn.net/elementor/wp-content/uploads/2021/10/cooper-zeon-rs3-s_1-450x450.jpg', 'https://elessi.b-cdn.net/elementor/wp-content/uploads/2021/10/rtx-crystal-blue-white-stripes_1-450x450.jpg', 'A classic denim jacket for all seasons.', 'men'),
(2, 'Leather Wallet', 45.00, 'https://elessi.b-cdn.net/elementor/wp-content/uploads/2021/10/5775-003-450x450.jpg', 'https://elessi.b-cdn.net/elementor/wp-content/uploads/2021/10/ic-80606145_1-450x450.jpg', 'High-quality leather wallet with multiple compartments.', 'unisex'),
(2, 'Sport Watch', 150.00, 'https://elessi.b-cdn.net/elementor/wp-content/uploads/2021/10/triton-caliper-bbk-22-450x450.jpg', 'https://elessi.b-cdn.net/elementor/wp-content/uploads/2021/10/spx3000-red-450x450.jpg', 'Durable and stylish watch for active lifestyles.', 'men'),
(2, 'Summer Hat', 25.00, 'https://elessi.b-cdn.net/elementor/wp-content/uploads/2021/10/10201s2mgyl-rear-450x450.jpg', 'https://elessi.b-cdn.net/elementor/wp-content/uploads/2021/10/rtx-ink-gold_1-450x450.jpg', 'Keep cool with this fashionable hat.', 'unisex'),
(2, 'Designer Sunglasses', 85.00, 'https://elessi.b-cdn.net/elementor/wp-content/uploads/2021/10/113359-wf-02-450x450.jpg', 'https://elessi.b-cdn.net/elementor/wp-content/uploads/2021/10/2-600x600-1-450x450.jpeg', 'Protect your eyes with these trendy shades.', 'unisex'),
(2, 'Bluetooth Headphones', 110.00, 'https://elessi.b-cdn.net/elementor/wp-content/uploads/2020/05/5559315400_2_1_1-450x575.jpg', 'https://elessi.b-cdn.net/elementor/wp-content/uploads/2020/06/5713200620_2_1_11-450x575.jpg', 'Immersive sound experience with wireless freedom.', 'unisex'),
(2, 'Travel Backpack', 95.00, 'https://elessi.b-cdn.net/elementor/wp-content/uploads/2020/05/0519492505_2_3_1-450x575.jpg', 'https://elessi.b-cdn.net/elementor/wp-content/uploads/2020/06/5472330305_2_5_12-450x575.jpg', 'Spacious and comfortable bag for your adventures.', 'unisex'),
(2, 'Yoga Mat', 30.00, 'https://elessi.b-cdn.net/elementor/wp-content/uploads/2019/02/317918L500549_L500549_2-1-450x575.jpg', 'https://elessi.b-cdn.net/elementor/wp-content/uploads/2019/02/1860201031512_h5787fd954dac8-450x575.jpg', 'Non-slip yoga mat for your daily practice.', 'unisex'),
(2, 'Coffee Maker', 70.00, 'https://elessi.b-cdn.net/elementor/wp-content/uploads/2021/10/cooper-zeon-rs3-s_1-450x450.jpg', 'https://elessi.b-cdn.net/elementor/wp-content/uploads/2021/10/rtx-crystal-blue-white-stripes_1-450x450.jpg', 'Brew your perfect cup of coffee at home.', 'unisex'),
(2, 'Gaming Mouse', 50.00, 'https://elessi.b-cdn.net/elementor/wp-content/uploads/2021/10/5775-003-450x450.jpg', 'https://elessi.b-cdn.net/elementor/wp-content/uploads/2021/10/ic-80606145_1-450x450.jpg', 'Precision and speed for serious gamers.', 'unisex'),
(2, 'Smart Speaker', 130.00, 'https://elessi.b-cdn.net/elementor/wp-content/uploads/2021/10/triton-caliper-bbk-22-450x450.jpg', 'https://elessi.b-cdn.net/elementor/wp-content/uploads/2021/10/spx3000-red-450x450.jpg', 'Voice-controlled speaker for your smart home.', 'unisex'),
(2, 'Portable Charger', 35.00, 'https://elessi.b-cdn.net/elementor/wp-content/uploads/2021/10/10201s2mgyl-rear-450x450.jpg', 'https://elessi.b-cdn.net/elementor/wp-content/uploads/2021/10/rtx-ink-gold_1-450x450.jpg', 'Never run out of battery on the go.', 'unisex'),
(2, 'Fitness Tracker', 80.00, 'https://elessi.b-cdn.net/elementor/wp-content/uploads/2021/10/113359-wf-02-450x450.jpg', 'https://elessi.b-cdn.net/elementor/wp-content/uploads/2021/10/2-600x600-1-450x450.jpeg', 'Monitor your health and activity levels.', 'unisex'),
(2, 'Graphic T-Shirt', 35.00, 'https://elessi.b-cdn.net/elementor/wp-content/uploads/2020/05/5559315400_2_1_1-450x575.jpg', 'https://elessi.b-cdn.net/elementor/wp-content/uploads/2020/06/5713200620_2_1_11-450x575.jpg', 'Cool graphic t-shirt.', 'men'),
(2, 'Comfortable Pants', 55.00, 'https://elessi.b-cdn.net/elementor/wp-content/uploads/2020/05/0519492505_2_3_1-450x575.jpg', 'https://elessi.b-cdn.net/elementor/wp-content/uploads/2020/06/5472330305_2_5_12-450x575.jpg', 'Relaxed fit pants.', 'women'),
(2, 'Winter Coat', 180.00, 'https://elessi.b-cdn.net/elementor/wp-content/uploads/2019/02/317918L500549_L500549_2-1-450x575.jpg', 'https://elessi.b-cdn.net/elementor/wp-content/uploads/2019/02/1860201031512_h5787fd954dac8-450x575.jpg', 'Warm winter coat.', 'unisex'),
(2, 'Running Shoes', 90.00, 'https://elessi.b-cdn.net/elementor/wp-content/uploads/2021/10/cooper-zeon-rs3-s_1-450x450.jpg', 'https://elessi.b-cdn.net/elementor/wp-content/uploads/2021/10/rtx-crystal-blue-white-stripes_1-450x450.jpg', 'Lightweight running shoes.', 'men'),
(3, 'Stylish Handbag', 75.00, 'https://elessi.b-cdn.net/elementor/wp-content/uploads/2020/05/5559315400_2_1_1-450x575.jpg', 'https://elessi.b-cdn.net/elementor/wp-content/uploads/2020/06/5713200620_2_1_11-450x575.jpg', 'A chic handbag for everyday use.', 'unisex'),
(3, 'Elegant Dress', 120.00, 'https://elessi.b-cdn.net/elementor/wp-content/uploads/2020/05/0519492505_2_3_1-450x575.jpg', 'https://elessi.b-cdn.net/elementor/wp-content/uploads/2020/06/5472330305_2_5_12-450x575.jpg', 'Perfect for any special occasion.', 'women'),
(3, 'Casual Sneakers', 60.00, 'https://elessi.b-cdn.net/elementor/wp-content/uploads/2019/02/317918L500549_L500549_2-1-450x575.jpg', 'https://elessi.b-cdn.net/elementor/wp-content/uploads/2019/02/1860201031512_h5787fd954dac8-450x575.jpg', 'Comfortable and trendy shoes.', 'unisex'),
(3, 'Denim Jacket', 90.00, 'https://elessi.b-cdn.net/elementor/wp-content/uploads/2021/10/cooper-zeon-rs3-s_1-450x450.jpg', 'https://elessi.b-cdn.net/elementor/wp-content/uploads/2021/10/rtx-crystal-blue-white-stripes_1-450x450.jpg', 'A classic denim jacket for all seasons.', 'men'),
(3, 'Leather Wallet', 45.00, 'https://elessi.b-cdn.net/elementor/wp-content/uploads/2021/10/5775-003-450x450.jpg', 'https://elessi.b-cdn.net/elementor/wp-content/uploads/2021/10/ic-80606145_1-450x450.jpg', 'High-quality leather wallet with multiple compartments.', 'unisex'),
(3, 'Sport Watch', 150.00, 'https://elessi.b-cdn.net/elementor/wp-content/uploads/2021/10/triton-caliper-bbk-22-450x450.jpg', 'https://elessi.b-cdn.net/elementor/wp-content/uploads/2021/10/spx3000-red-450x450.jpg', 'Durable and stylish watch for active lifestyles.', 'men'),
(3, 'Summer Hat', 25.00, 'https://elessi.b-cdn.net/elementor/wp-content/uploads/2021/10/10201s2mgyl-rear-450x450.jpg', 'https://elessi.b-cdn.net/elementor/wp-content/uploads/2021/10/rtx-ink-gold_1-450x450.jpg', 'Keep cool with this fashionable hat.', 'unisex'),
(3, 'Designer Sunglasses', 85.00, 'https://elessi.b-cdn.net/elementor/wp-content/uploads/2021/10/113359-wf-02-450x450.jpg', 'https://elessi.b-cdn.net/elementor/wp-content/uploads/2021/10/2-600x600-1-450x450.jpeg', 'Protect your eyes with these trendy shades.', 'unisex'),
(3, 'Bluetooth Headphones', 110.00, 'https://elessi.b-cdn.net/elementor/wp-content/uploads/2020/05/5559315400_2_1_1-450x575.jpg', 'https://elessi.b-cdn.net/elementor/wp-content/uploads/2020/06/5713200620_2_1_11-450x575.jpg', 'Immersive sound experience with wireless freedom.', 'unisex'),
(3, 'Travel Backpack', 95.00, 'https://elessi.b-cdn.net/elementor/wp-content/uploads/2020/05/0519492505_2_3_1-450x575.jpg', 'https://elessi.b-cdn.net/elementor/wp-content/uploads/2020/06/5472330305_2_5_12-450x575.jpg', 'Spacious and comfortable bag for your adventures.', 'unisex'),
(3, 'Yoga Mat', 30.00, 'https://elessi.b-cdn.net/elementor/wp-content/uploads/2019/02/317918L500549_L500549_2-1-450x575.jpg', 'https://elessi.b-cdn.net/elementor/wp-content/uploads/2019/02/1860201031512_h5787fd954dac8-450x575.jpg', 'Non-slip yoga mat for your daily practice.', 'unisex'),
(3, 'Coffee Maker', 70.00, 'https://elessi.b-cdn.net/elementor/wp-content/uploads/2021/10/cooper-zeon-rs3-s_1-450x450.jpg', 'https://elessi.b-cdn.net/elementor/wp-content/uploads/2021/10/rtx-crystal-blue-white-stripes_1-450x450.jpg', 'Brew your perfect cup of coffee at home.', 'unisex'),
(3, 'Gaming Mouse', 50.00, 'https://elessi.b-cdn.net/elementor/wp-content/uploads/2021/10/5775-003-450x450.jpg', 'https://elessi.b-cdn.net/elementor/wp-content/uploads/2021/10/ic-80606145_1-450x450.jpg', 'Precision and speed for serious gamers.', 'unisex'),
(3, 'Smart Speaker', 130.00, 'https://elessi.b-cdn.net/elementor/wp-content/uploads/2021/10/triton-caliper-bbk-22-450x450.jpg', 'https://elessi.b-cdn.net/elementor/wp-content/uploads/2021/10/spx3000-red-450x450.jpg', 'Voice-controlled speaker for your smart home.', 'unisex'),
(3, 'Portable Charger', 35.00, 'https://elessi.b-cdn.net/elementor/wp-content/uploads/2021/10/10201s2mgyl-rear-450x450.jpg', 'https://elessi.b-cdn.net/elementor/wp-content/uploads/2021/10/rtx-ink-gold_1-450x450.jpg', 'Never run out of battery on the go.', 'unisex'),
(3, 'Fitness Tracker', 80.00, 'https://elessi.b-cdn.net/elementor/wp-content/uploads/2021/10/113359-wf-02-450x450.jpg', 'https://elessi.b-cdn.net/elementor/wp-content/uploads/2021/10/2-600x600-1-450x450.jpeg', 'Monitor your health and activity levels.', 'unisex'),
(3, 'Graphic T-Shirt', 35.00, 'https://elessi.b-cdn.net/elementor/wp-content/uploads/2020/05/5559315400_2_1_1-450x575.jpg', 'https://elessi.b-cdn.net/elementor/wp-content/uploads/2020/06/5713200620_2_1_11-450x575.jpg', 'Cool graphic t-shirt.', 'men'),
(3, 'Comfortable Pants', 55.00, 'https://elessi.b-cdn.net/elementor/wp-content/uploads/2020/05/0519492505_2_3_1-450x575.jpg', 'https://elessi.b-cdn.net/elementor/wp-content/uploads/2020/06/5472330305_2_5_12-450x575.jpg', 'Relaxed fit pants.', 'women'),
(3, 'Winter Coat', 180.00, 'https://elessi.b-cdn.net/elementor/wp-content/uploads/2019/02/317918L500549_L500549_2-1-450x575.jpg', 'https://elessi.b-cdn.net/elementor/wp-content/uploads/2019/02/1860201031512_h5787fd954dac8-450x575.jpg', 'Warm winter coat.', 'unisex'),
(3, 'Running Shoes', 90.00, 'https://elessi.b-cdn.net/elementor/wp-content/uploads/2021/10/cooper-zeon-rs3-s_1-450x450.jpg', 'https://elessi.b-cdn.net/elementor/wp-content/uploads/2021/10/rtx-crystal-blue-white-stripes_1-450x450.jpg', 'Lightweight running shoes.', 'men'),
(4, 'Stylish Handbag', 75.00, 'https://elessi.b-cdn.net/elementor/wp-content/uploads/2020/05/5559315400_2_1_1-450x575.jpg', 'https://elessi.b-cdn.net/elementor/wp-content/uploads/2020/06/5713200620_2_1_11-450x575.jpg', 'A chic handbag for everyday use.', 'unisex'),
(4, 'Elegant Dress', 120.00, 'https://elessi.b-cdn.net/elementor/wp-content/uploads/2020/05/0519492505_2_3_1-450x575.jpg', 'https://elessi.b-cdn.net/elementor/wp-content/uploads/2020/06/5472330305_2_5_12-450x575.jpg', 'Perfect for any special occasion.', 'women'),
(4, 'Casual Sneakers', 60.00, 'https://elessi.b-cdn.net/elementor/wp-content/uploads/2019/02/317918L500549_L500549_2-1-450x575.jpg', 'https://elessi.b-cdn.net/elementor/wp-content/uploads/2019/02/1860201031512_h5787fd954dac8-450x575.jpg', 'Comfortable and trendy shoes.', 'unisex'),
(4, 'Denim Jacket', 90.00, 'https://elessi.b-cdn.net/elementor/wp-content/uploads/2021/10/cooper-zeon-rs3-s_1-450x450.jpg', 'https://elessi.b-cdn.net/elementor/wp-content/uploads/2021/10/rtx-crystal-blue-white-stripes_1-450x450.jpg', 'A classic denim jacket for all seasons.', 'men'),
(4, 'Leather Wallet', 45.00, 'https://elessi.b-cdn.net/elementor/wp-content/uploads/2021/10/5775-003-450x450.jpg', 'https://elessi.b-cdn.net/elementor/wp-content/uploads/2021/10/ic-80606145_1-450x450.jpg', 'High-quality leather wallet with multiple compartments.', 'unisex'),
(4, 'Sport Watch', 150.00, 'https://elessi.b-cdn.net/elementor/wp-content/uploads/2021/10/triton-caliper-bbk-22-450x450.jpg', 'https://elessi.b-cdn.net/elementor/wp-content/uploads/2021/10/spx3000-red-450x450.jpg', 'Durable and stylish watch for active lifestyles.', 'men'),
(4, 'Summer Hat', 25.00, 'https://elessi.b-cdn.net/elementor/wp-content/uploads/2021/10/10201s2mgyl-rear-450x450.jpg', 'https://elessi.b-cdn.net/elementor/wp-content/uploads/2021/10/rtx-ink-gold_1-450x450.jpg', 'Keep cool with this fashionable hat.', 'unisex'),
(4, 'Designer Sunglasses', 85.00, 'https://elessi.b-cdn.net/elementor/wp-content/uploads/2021/10/113359-wf-02-450x450.jpg', 'https://elessi.b-cdn.net/elementor/wp-content/uploads/2021/10/2-600x600-1-450x450.jpeg', 'Protect your eyes with these trendy shades.', 'unisex'),
(4, 'Bluetooth Headphones', 110.00, 'https://elessi.b-cdn.net/elementor/wp-content/uploads/2020/05/5559315400_2_1_1-450x575.jpg', 'https://elessi.b-cdn.net/elementor/wp-content/uploads/2020/06/5713200620_2_1_11-450x575.jpg', 'Immersive sound experience with wireless freedom.', 'unisex'),
(4, 'Travel Backpack', 95.00, 'https://elessi.b-cdn.net/elementor/wp-content/uploads/2020/05/0519492505_2_3_1-450x575.jpg', 'https://elessi.b-cdn.net/elementor/wp-content/uploads/2020/06/5472330305_2_5_12-450x575.jpg', 'Spacious and comfortable bag for your adventures.', 'unisex'),
(4, 'Yoga Mat', 30.00, 'https://elessi.b-cdn.net/elementor/wp-content/uploads/2019/02/317918L500549_L500549_2-1-450x575.jpg', 'https://elessi.b-cdn.net/elementor/wp-content/uploads/2019/02/1860201031512_h5787fd954dac8-450x575.jpg', 'Non-slip yoga mat for your daily practice.', 'unisex'),
(4, 'Coffee Maker', 70.00, 'https://elessi.b-cdn.net/elementor/wp-content/uploads/2021/10/cooper-zeon-rs3-s_1-450x450.jpg', 'https://elessi.b-cdn.net/elementor/wp-content/uploads/2021/10/rtx-crystal-blue-white-stripes_1-450x450.jpg', 'Brew your perfect cup of coffee at home.', 'unisex'),
(4, 'Gaming Mouse', 50.00, 'https://elessi.b-cdn.net/elementor/wp-content/uploads/2021/10/5775-003-450x450.jpg', 'https://elessi.b-cdn.net/elementor/wp-content/uploads/2021/10/ic-80606145_1-450x450.jpg', 'Precision and speed for serious gamers.', 'unisex'),
(4, 'Smart Speaker', 130.00, 'https://elessi.b-cdn.net/elementor/wp-content/uploads/2021/10/triton-caliper-bbk-22-450x450.jpg', 'https://elessi.b-cdn.net/elementor/wp-content/uploads/2021/10/spx3000-red-450x450.jpg', 'Voice-controlled speaker for your smart home.', 'unisex'),
(4, 'Portable Charger', 35.00, 'https://elessi.b-cdn.net/elementor/wp-content/uploads/2021/10/10201s2mgyl-rear-450x450.jpg', 'https://elessi.b-cdn.net/elementor/wp-content/uploads/2021/10/rtx-ink-gold_1-450x450.jpg', 'Never run out of battery on the go.', 'unisex'),
(4, 'Fitness Tracker', 80.00, 'https://elessi.b-cdn.net/elementor/wp-content/uploads/2021/10/113359-wf-02-450x450.jpg', 'https://elessi.b-cdn.net/elementor/wp-content/uploads/2021/10/2-600x600-1-450x450.jpeg', 'Monitor your health and activity levels.', 'unisex'),
(4, 'Graphic T-Shirt', 35.00, 'https://elessi.b-cdn.net/elementor/wp-content/uploads/2020/05/5559315400_2_1_1-450x575.jpg', 'https://elessi.b-cdn.net/elementor/wp-content/uploads/2020/06/5713200620_2_1_11-450x575.jpg', 'Cool graphic t-shirt.', 'men'),
(4, 'Comfortable Pants', 55.00, 'https://elessi.b-cdn.net/elementor/wp-content/uploads/2020/05/0519492505_2_3_1-450x575.jpg', 'https://elessi.b-cdn.net/elementor/wp-content/uploads/2020/06/5472330305_2_5_12-450x575.jpg', 'Relaxed fit pants.', 'women'),
(4, 'Winter Coat', 180.00, 'https://elessi.b-cdn.net/elementor/wp-content/uploads/2019/02/317918L500549_L500549_2-1-450x575.jpg', 'https://elessi.b-cdn.net/elementor/wp-content/uploads/2019/02/1860201031512_h5787fd954dac8-450x575.jpg', 'Warm winter coat.', 'unisex'),
(4, 'Running Shoes', 90.00, 'https://elessi.b-cdn.net/elementor/wp-content/uploads/2021/10/cooper-zeon-rs3-s_1-450x450.jpg', 'https://elessi.b-cdn.net/elementor/wp-content/uploads/2021/10/rtx-crystal-blue-white-stripes_1-450x450.jpg', 'Lightweight running shoes.', 'men'),
(5, 'Stylish Handbag', 75.00, 'https://elessi.b-cdn.net/elementor/wp-content/uploads/2020/05/5559315400_2_1_1-450x575.jpg', 'https://elessi.b-cdn.net/elementor/wp-content/uploads/2020/06/5713200620_2_1_11-450x575.jpg', 'A chic handbag for everyday use.', 'unisex'),
(5, 'Elegant Dress', 120.00, 'https://elessi.b-cdn.net/elementor/wp-content/uploads/2020/05/0519492505_2_3_1-450x575.jpg', 'https://elessi.b-cdn.net/elementor/wp-content/uploads/2020/06/5472330305_2_5_12-450x575.jpg', 'Perfect for any special occasion.', 'women'),
(5, 'Casual Sneakers', 60.00, 'https://elessi.b-cdn.net/elementor/wp-content/uploads/2019/02/317918L500549_L500549_2-1-450x575.jpg', 'https://elessi.b-cdn.net/elementor/wp-content/uploads/2019/02/1860201031512_h5787fd954dac8-450x575.jpg', 'Comfortable and trendy shoes.', 'unisex'),
(5, 'Denim Jacket', 90.00, 'https://elessi.b-cdn.net/elementor/wp-content/uploads/2021/10/cooper-zeon-rs3-s_1-450x450.jpg', 'https://elessi.b-cdn.net/elementor/wp-content/uploads/2021/10/rtx-crystal-blue-white-stripes_1-450x450.jpg', 'A classic denim jacket for all seasons.', 'men'),
(5, 'Leather Wallet', 45.00, 'https://elessi.b-cdn.net/elementor/wp-content/uploads/2021/10/5775-003-450x450.jpg', 'https://elessi.b-cdn.net/elementor/wp-content/uploads/2021/10/ic-80606145_1-450x450.jpg', 'High-quality leather wallet with multiple compartments.', 'unisex'),
(5, 'Sport Watch', 150.00, 'https://elessi.b-cdn.net/elementor/wp-content/uploads/2021/10/triton-caliper-bbk-22-450x450.jpg', 'https://elessi.b-cdn.net/elementor/wp-content/uploads/2021/10/spx3000-red-450x450.jpg', 'Durable and stylish watch for active lifestyles.', 'men'),
(5, 'Summer Hat', 25.00, 'https://elessi.b-cdn.net/elementor/wp-content/uploads/2021/10/10201s2mgyl-rear-450x450.jpg', 'https://elessi.b-cdn.net/elementor/wp-content/uploads/2021/10/rtx-ink-gold_1-450x450.jpg', 'Keep cool with this fashionable hat.', 'unisex'),
(5, 'Designer Sunglasses', 85.00, 'https://elessi.b-cdn.net/elementor/wp-content/uploads/2021/10/113359-wf-02-450x450.jpg', 'https://elessi.b-cdn.net/elementor/wp-content/uploads/2021/10/2-600x600-1-450x450.jpeg', 'Protect your eyes with these trendy shades.', 'unisex'),
(5, 'Bluetooth Headphones', 110.00, 'https://elessi.b-cdn.net/elementor/wp-content/uploads/2020/05/5559315400_2_1_1-450x575.jpg', 'https://elessi.b-cdn.net/elementor/wp-content/uploads/2020/06/5713200620_2_1_11-450x575.jpg', 'Immersive sound experience with wireless freedom.', 'unisex'),
(5, 'Travel Backpack', 95.00, 'https://elessi.b-cdn.net/elementor/wp-content/uploads/2020/05/0519492505_2_3_1-450x575.jpg', 'https://elessi.b-cdn.net/elementor/wp-content/uploads/2020/06/5472330305_2_5_12-450x575.jpg', 'Spacious and comfortable bag for your adventures.', 'unisex'),
(5, 'Yoga Mat', 30.00, 'https://elessi.b-cdn.net/elementor/wp-content/uploads/2019/02/317918L500549_L500549_2-1-450x575.jpg', 'https://elessi.b-cdn.net/elementor/wp-content/uploads/2019/02/1860201031512_h5787fd954dac8-450x575.jpg', 'Non-slip yoga mat for your daily practice.', 'unisex'),
(5, 'Coffee Maker', 70.00, 'https://elessi.b-cdn.net/elementor/wp-content/uploads/2021/10/cooper-zeon-rs3-s_1-450x450.jpg', 'https://elessi.b-cdn.net/elementor/wp-content/uploads/2021/10/rtx-crystal-blue-white-stripes_1-450x450.jpg', 'Brew your perfect cup of coffee at home.', 'unisex'),
(5, 'Gaming Mouse', 50.00, 'https://elessi.b-cdn.net/elementor/wp-content/uploads/2021/10/5775-003-450x450.jpg', 'https://elessi.b-cdn.net/elementor/wp-content/uploads/2021/10/ic-80606145_1-450x450.jpg', 'Precision and speed for serious gamers.', 'unisex'),
(5, 'Smart Speaker', 130.00, 'https://elessi.b-cdn.net/elementor/wp-content/uploads/2021/10/triton-caliper-bbk-22-450x450.jpg', 'https://elessi.b-cdn.net/elementor/wp-content/uploads/2021/10/spx3000-red-450x450.jpg', 'Voice-controlled speaker for your smart home.', 'unisex'),
(5, 'Portable Charger', 35.00, 'https://elessi.b-cdn.net/elementor/wp-content/uploads/2021/10/10201s2mgyl-rear-450x450.jpg', 'https://elessi.b-cdn.net/elementor/wp-content/uploads/2021/10/rtx-ink-gold_1-450x450.jpg', 'Never run out of battery on the go.', 'unisex'),
(5, 'Fitness Tracker', 80.00, 'https://elessi.b-cdn.net/elementor/wp-content/uploads/2021/10/113359-wf-02-450x450.jpg', 'https://elessi.b-cdn.net/elementor/wp-content/uploads/2021/10/2-600x600-1-450x450.jpeg', 'Monitor your health and activity levels.', 'unisex'),
(5, 'Graphic T-Shirt', 35.00, 'https://elessi.b-cdn.net/elementor/wp-content/uploads/2020/05/5559315400_2_1_1-450x575.jpg', 'https://elessi.b-cdn.net/elementor/wp-content/uploads/2020/06/5713200620_2_1_11-450x575.jpg', 'Cool graphic t-shirt.', 'men'),
(5, 'Comfortable Pants', 55.00, 'https://elessi.b-cdn.net/elementor/wp-content/uploads/2020/05/0519492505_2_3_1-450x575.jpg', 'https://elessi.b-cdn.net/elementor/wp-content/uploads/2020/06/5472330305_2_5_12-450x575.jpg', 'Relaxed fit pants.', 'women'),
(5, 'Winter Coat', 180.00, 'https://elessi.b-cdn.net/elementor/wp-content/uploads/2019/02/317918L500549_L500549_2-1-450x575.jpg', 'https://elessi.b-cdn.net/elementor/wp-content/uploads/2019/02/1860201031512_h5787fd954dac8-450x575.jpg', 'Warm winter coat.', 'unisex'),
(5, 'Running Shoes', 90.00, 'https://elessi.b-cdn.net/elementor/wp-content/uploads/2021/10/cooper-zeon-rs3-s_1-450x450.jpg', 'https://elessi.b-cdn.net/elementor/wp-content/uploads/2021/10/rtx-crystal-blue-white-stripes_1-450x450.jpg', 'Lightweight running shoes.', 'men');

-- =================================================================
-- Table: product_categories (Junction Table)
-- Description: Links products to their respective categories for each store.
-- This uses subqueries to find the correct IDs, making it robust.
-- =================================================================
-- Store 1
INSERT INTO product_categories (product_id, category_id) SELECT p.id, c.id FROM products p, categories c WHERE p.store_id = 1 AND c.store_id = 1 AND p.name = 'Stylish Handbag' AND c.slug = 'accessories';
INSERT INTO product_categories (product_id, category_id) SELECT p.id, c.id FROM products p, categories c WHERE p.store_id = 1 AND c.store_id = 1 AND p.name = 'Elegant Dress' AND c.slug = 'apparel';
INSERT INTO product_categories (product_id, category_id) SELECT p.id, c.id FROM products p, categories c WHERE p.store_id = 1 AND c.store_id = 1 AND p.name = 'Casual Sneakers' AND c.slug = 'footwear';
INSERT INTO product_categories (product_id, category_id) SELECT p.id, c.id FROM products p, categories c WHERE p.store_id = 1 AND c.store_id = 1 AND p.name = 'Denim Jacket' AND c.slug = 'outerwear';
INSERT INTO product_categories (product_id, category_id) SELECT p.id, c.id FROM products p, categories c WHERE p.store_id = 1 AND c.store_id = 1 AND p.name = 'Leather Wallet' AND c.slug = 'accessories';
INSERT INTO product_categories (product_id, category_id) SELECT p.id, c.id FROM products p, categories c WHERE p.store_id = 1 AND c.store_id = 1 AND p.name = 'Sport Watch' AND c.slug = 'accessories';
INSERT INTO product_categories (product_id, category_id) SELECT p.id, c.id FROM products p, categories c WHERE p.store_id = 1 AND c.store_id = 1 AND p.name = 'Summer Hat' AND c.slug = 'accessories';
INSERT INTO product_categories (product_id, category_id) SELECT p.id, c.id FROM products p, categories c WHERE p.store_id = 1 AND c.store_id = 1 AND p.name = 'Designer Sunglasses' AND c.slug = 'accessories';
INSERT INTO product_categories (product_id, category_id) SELECT p.id, c.id FROM products p, categories c WHERE p.store_id = 1 AND c.store_id = 1 AND p.name = 'Bluetooth Headphones' AND c.slug = 'electronics';
INSERT INTO product_categories (product_id, category_id) SELECT p.id, c.id FROM products p, categories c WHERE p.store_id = 1 AND c.store_id = 1 AND p.name = 'Travel Backpack' AND c.slug = 'bags';
INSERT INTO product_categories (product_id, category_id) SELECT p.id, c.id FROM products p, categories c WHERE p.store_id = 1 AND c.store_id = 1 AND p.name = 'Yoga Mat' AND c.slug = 'home-goods';
INSERT INTO product_categories (product_id, category_id) SELECT p.id, c.id FROM products p, categories c WHERE p.store_id = 1 AND c.store_id = 1 AND p.name = 'Coffee Maker' AND c.slug = 'home-goods';
INSERT INTO product_categories (product_id, category_id) SELECT p.id, c.id FROM products p, categories c WHERE p.store_id = 1 AND c.store_id = 1 AND p.name = 'Gaming Mouse' AND c.slug = 'electronics';
INSERT INTO product_categories (product_id, category_id) SELECT p.id, c.id FROM products p, categories c WHERE p.store_id = 1 AND c.store_id = 1 AND p.name = 'Smart Speaker' AND c.slug = 'electronics';
INSERT INTO product_categories (product_id, category_id) SELECT p.id, c.id FROM products p, categories c WHERE p.store_id = 1 AND c.store_id = 1 AND p.name = 'Portable Charger' AND c.slug = 'electronics';
INSERT INTO product_categories (product_id, category_id) SELECT p.id, c.id FROM products p, categories c WHERE p.store_id = 1 AND c.store_id = 1 AND p.name = 'Fitness Tracker' AND c.slug = 'electronics';
INSERT INTO product_categories (product_id, category_id) SELECT p.id, c.id FROM products p, categories c WHERE p.store_id = 1 AND c.store_id = 1 AND p.name = 'Graphic T-Shirt' AND c.slug = 'apparel';
INSERT INTO product_categories (product_id, category_id) SELECT p.id, c.id FROM products p, categories c WHERE p.store_id = 1 AND c.store_id = 1 AND p.name = 'Comfortable Pants' AND c.slug = 'apparel';
INSERT INTO product_categories (product_id, category_id) SELECT p.id, c.id FROM products p, categories c WHERE p.store_id = 1 AND c.store_id = 1 AND p.name = 'Winter Coat' AND c.slug = 'outerwear';
INSERT INTO product_categories (product_id, category_id) SELECT p.id, c.id FROM products p, categories c WHERE p.store_id = 1 AND c.store_id = 1 AND p.name = 'Running Shoes' AND c.slug = 'footwear';
-- Store 2
INSERT INTO product_categories (product_id, category_id) SELECT p.id, c.id FROM products p, categories c WHERE p.store_id = 2 AND c.store_id = 2 AND p.name = 'Stylish Handbag' AND c.slug = 'accessories';
INSERT INTO product_categories (product_id, category_id) SELECT p.id, c.id FROM products p, categories c WHERE p.store_id = 2 AND c.store_id = 2 AND p.name = 'Elegant Dress' AND c.slug = 'apparel';
INSERT INTO product_categories (product_id, category_id) SELECT p.id, c.id FROM products p, categories c WHERE p.store_id = 2 AND c.store_id = 2 AND p.name = 'Casual Sneakers' AND c.slug = 'footwear';
INSERT INTO product_categories (product_id, category_id) SELECT p.id, c.id FROM products p, categories c WHERE p.store_id = 2 AND c.store_id = 2 AND p.name = 'Denim Jacket' AND c.slug = 'outerwear';
INSERT INTO product_categories (product_id, category_id) SELECT p.id, c.id FROM products p, categories c WHERE p.store_id = 2 AND c.store_id = 2 AND p.name = 'Leather Wallet' AND c.slug = 'accessories';
INSERT INTO product_categories (product_id, category_id) SELECT p.id, c.id FROM products p, categories c WHERE p.store_id = 2 AND c.store_id = 2 AND p.name = 'Sport Watch' AND c.slug = 'accessories';
INSERT INTO product_categories (product_id, category_id) SELECT p.id, c.id FROM products p, categories c WHERE p.store_id = 2 AND c.store_id = 2 AND p.name = 'Summer Hat' AND c.slug = 'accessories';
INSERT INTO product_categories (product_id, category_id) SELECT p.id, c.id FROM products p, categories c WHERE p.store_id = 2 AND c.store_id = 2 AND p.name = 'Designer Sunglasses' AND c.slug = 'accessories';
INSERT INTO product_categories (product_id, category_id) SELECT p.id, c.id FROM products p, categories c WHERE p.store_id = 2 AND c.store_id = 2 AND p.name = 'Bluetooth Headphones' AND c.slug = 'electronics';
INSERT INTO product_categories (product_id, category_id) SELECT p.id, c.id FROM products p, categories c WHERE p.store_id = 2 AND c.store_id = 2 AND p.name = 'Travel Backpack' AND c.slug = 'bags';
INSERT INTO product_categories (product_id, category_id) SELECT p.id, c.id FROM products p, categories c WHERE p.store_id = 2 AND c.store_id = 2 AND p.name = 'Yoga Mat' AND c.slug = 'home-goods';
INSERT INTO product_categories (product_id, category_id) SELECT p.id, c.id FROM products p, categories c WHERE p.store_id = 2 AND c.store_id = 2 AND p.name = 'Coffee Maker' AND c.slug = 'home-goods';
INSERT INTO product_categories (product_id, category_id) SELECT p.id, c.id FROM products p, categories c WHERE p.store_id = 2 AND c.store_id = 2 AND p.name = 'Gaming Mouse' AND c.slug = 'electronics';
INSERT INTO product_categories (product_id, category_id) SELECT p.id, c.id FROM products p, categories c WHERE p.store_id = 2 AND c.store_id = 2 AND p.name = 'Smart Speaker' AND c.slug = 'electronics';
INSERT INTO product_categories (product_id, category_id) SELECT p.id, c.id FROM products p, categories c WHERE p.store_id = 2 AND c.store_id = 2 AND p.name = 'Portable Charger' AND c.slug = 'electronics';
INSERT INTO product_categories (product_id, category_id) SELECT p.id, c.id FROM products p, categories c WHERE p.store_id = 2 AND c.store_id = 2 AND p.name = 'Fitness Tracker' AND c.slug = 'electronics';
INSERT INTO product_categories (product_id, category_id) SELECT p.id, c.id FROM products p, categories c WHERE p.store_id = 2 AND c.store_id = 2 AND p.name = 'Graphic T-Shirt' AND c.slug = 'apparel';
INSERT INTO product_categories (product_id, category_id) SELECT p.id, c.id FROM products p, categories c WHERE p.store_id = 2 AND c.store_id = 2 AND p.name = 'Comfortable Pants' AND c.slug = 'apparel';
INSERT INTO product_categories (product_id, category_id) SELECT p.id, c.id FROM products p, categories c WHERE p.store_id = 2 AND c.store_id = 2 AND p.name = 'Winter Coat' AND c.slug = 'outerwear';
INSERT INTO product_categories (product_id, category_id) SELECT p.id, c.id FROM products p, categories c WHERE p.store_id = 2 AND c.store_id = 2 AND p.name = 'Running Shoes' AND c.slug = 'footwear';
-- Store 3
INSERT INTO product_categories (product_id, category_id) SELECT p.id, c.id FROM products p, categories c WHERE p.store_id = 3 AND c.store_id = 3 AND p.name = 'Stylish Handbag' AND c.slug = 'accessories';
INSERT INTO product_categories (product_id, category_id) SELECT p.id, c.id FROM products p, categories c WHERE p.store_id = 3 AND c.store_id = 3 AND p.name = 'Elegant Dress' AND c.slug = 'apparel';
INSERT INTO product_categories (product_id, category_id) SELECT p.id, c.id FROM products p, categories c WHERE p.store_id = 3 AND c.store_id = 3 AND p.name = 'Casual Sneakers' AND c.slug = 'footwear';
INSERT INTO product_categories (product_id, category_id) SELECT p.id, c.id FROM products p, categories c WHERE p.store_id = 3 AND c.store_id = 3 AND p.name = 'Denim Jacket' AND c.slug = 'outerwear';
INSERT INTO product_categories (product_id, category_id) SELECT p.id, c.id FROM products p, categories c WHERE p.store_id = 3 AND c.store_id = 3 AND p.name = 'Leather Wallet' AND c.slug = 'accessories';
INSERT INTO product_categories (product_id, category_id) SELECT p.id, c.id FROM products p, categories c WHERE p.store_id = 3 AND c.store_id = 3 AND p.name = 'Sport Watch' AND c.slug = 'accessories';
INSERT INTO product_categories (product_id, category_id) SELECT p.id, c.id FROM products p, categories c WHERE p.store_id = 3 AND c.store_id = 3 AND p.name = 'Summer Hat' AND c.slug = 'accessories';
INSERT INTO product_categories (product_id, category_id) SELECT p.id, c.id FROM products p, categories c WHERE p.store_id = 3 AND c.store_id = 3 AND p.name = 'Designer Sunglasses' AND c.slug = 'accessories';
INSERT INTO product_categories (product_id, category_id) SELECT p.id, c.id FROM products p, categories c WHERE p.store_id = 3 AND c.store_id = 3 AND p.name = 'Bluetooth Headphones' AND c.slug = 'electronics';
INSERT INTO product_categories (product_id, category_id) SELECT p.id, c.id FROM products p, categories c WHERE p.store_id = 3 AND c.store_id = 3 AND p.name = 'Travel Backpack' AND c.slug = 'bags';
INSERT INTO product_categories (product_id, category_id) SELECT p.id, c.id FROM products p, categories c WHERE p.store_id = 3 AND c.store_id = 3 AND p.name = 'Yoga Mat' AND c.slug = 'home-goods';
INSERT INTO product_categories (product_id, category_id) SELECT p.id, c.id FROM products p, categories c WHERE p.store_id = 3 AND c.store_id = 3 AND p.name = 'Coffee Maker' AND c.slug = 'home-goods';
INSERT INTO product_categories (product_id, category_id) SELECT p.id, c.id FROM products p, categories c WHERE p.store_id = 3 AND c.store_id = 3 AND p.name = 'Gaming Mouse' AND c.slug = 'electronics';
INSERT INTO product_categories (product_id, category_id) SELECT p.id, c.id FROM products p, categories c WHERE p.store_id = 3 AND c.store_id = 3 AND p.name = 'Smart Speaker' AND c.slug = 'electronics';
INSERT INTO product_categories (product_id, category_id) SELECT p.id, c.id FROM products p, categories c WHERE p.store_id = 3 AND c.store_id = 3 AND p.name = 'Portable Charger' AND c.slug = 'electronics';
INSERT INTO product_categories (product_id, category_id) SELECT p.id, c.id FROM products p, categories c WHERE p.store_id = 3 AND c.store_id = 3 AND p.name = 'Fitness Tracker' AND c.slug = 'electronics';
INSERT INTO product_categories (product_id, category_id) SELECT p.id, c.id FROM products p, categories c WHERE p.store_id = 3 AND c.store_id = 3 AND p.name = 'Graphic T-Shirt' AND c.slug = 'apparel';
INSERT INTO product_categories (product_id, category_id) SELECT p.id, c.id FROM products p, categories c WHERE p.store_id = 3 AND c.store_id = 3 AND p.name = 'Comfortable Pants' AND c.slug = 'apparel';
INSERT INTO product_categories (product_id, category_id) SELECT p.id, c.id FROM products p, categories c WHERE p.store_id = 3 AND c.store_id = 3 AND p.name = 'Winter Coat' AND c.slug = 'outerwear';
INSERT INTO product_categories (product_id, category_id) SELECT p.id, c.id FROM products p, categories c WHERE p.store_id = 3 AND c.store_id = 3 AND p.name = 'Running Shoes' AND c.slug = 'footwear';
-- Store 4
INSERT INTO product_categories (product_id, category_id) SELECT p.id, c.id FROM products p, categories c WHERE p.store_id = 4 AND c.store_id = 4 AND p.name = 'Stylish Handbag' AND c.slug = 'accessories';
INSERT INTO product_categories (product_id, category_id) SELECT p.id, c.id FROM products p, categories c WHERE p.store_id = 4 AND c.store_id = 4 AND p.name = 'Elegant Dress' AND c.slug = 'apparel';
INSERT INTO product_categories (product_id, category_id) SELECT p.id, c.id FROM products p, categories c WHERE p.store_id = 4 AND c.store_id = 4 AND p.name = 'Casual Sneakers' AND c.slug = 'footwear';
INSERT INTO product_categories (product_id, category_id) SELECT p.id, c.id FROM products p, categories c WHERE p.store_id = 4 AND c.store_id = 4 AND p.name = 'Denim Jacket' AND c.slug = 'outerwear';
INSERT INTO product_categories (product_id, category_id) SELECT p.id, c.id FROM products p, categories c WHERE p.store_id = 4 AND c.store_id = 4 AND p.name = 'Leather Wallet' AND c.slug = 'accessories';
INSERT INTO product_categories (product_id, category_id) SELECT p.id, c.id FROM products p, categories c WHERE p.store_id = 4 AND c.store_id = 4 AND p.name = 'Sport Watch' AND c.slug = 'accessories';
INSERT INTO product_categories (product_id, category_id) SELECT p.id, c.id FROM products p, categories c WHERE p.store_id = 4 AND c.store_id = 4 AND p.name = 'Summer Hat' AND c.slug = 'accessories';
INSERT INTO product_categories (product_id, category_id) SELECT p.id, c.id FROM products p, categories c WHERE p.store_id = 4 AND c.store_id = 4 AND p.name = 'Designer Sunglasses' AND c.slug = 'accessories';
INSERT INTO product_categories (product_id, category_id) SELECT p.id, c.id FROM products p, categories c WHERE p.store_id = 4 AND c.store_id = 4 AND p.name = 'Bluetooth Headphones' AND c.slug = 'electronics';
INSERT INTO product_categories (product_id, category_id) SELECT p.id, c.id FROM products p, categories c WHERE p.store_id = 4 AND c.store_id = 4 AND p.name = 'Travel Backpack' AND c.slug = 'bags';
INSERT INTO product_categories (product_id, category_id) SELECT p.id, c.id FROM products p, categories c WHERE p.store_id = 4 AND c.store_id = 4 AND p.name = 'Yoga Mat' AND c.slug = 'home-goods';
INSERT INTO product_categories (product_id, category_id) SELECT p.id, c.id FROM products p, categories c WHERE p.store_id = 4 AND c.store_id = 4 AND p.name = 'Coffee Maker' AND c.slug = 'home-goods';
INSERT INTO product_categories (product_id, category_id) SELECT p.id, c.id FROM products p, categories c WHERE p.store_id = 4 AND c.store_id = 4 AND p.name = 'Gaming Mouse' AND c.slug = 'electronics';
INSERT INTO product_categories (product_id, category_id) SELECT p.id, c.id FROM products p, categories c WHERE p.store_id = 4 AND c.store_id = 4 AND p.name = 'Smart Speaker' AND c.slug = 'electronics';
INSERT INTO product_categories (product_id, category_id) SELECT p.id, c.id FROM products p, categories c WHERE p.store_id = 4 AND c.store_id = 4 AND p.name = 'Portable Charger' AND c.slug = 'electronics';
INSERT INTO product_categories (product_id, category_id) SELECT p.id, c.id FROM products p, categories c WHERE p.store_id = 4 AND c.store_id = 4 AND p.name = 'Fitness Tracker' AND c.slug = 'electronics';
INSERT INTO product_categories (product_id, category_id) SELECT p.id, c.id FROM products p, categories c WHERE p.store_id = 4 AND c.store_id = 4 AND p.name = 'Graphic T-Shirt' AND c.slug = 'apparel';
INSERT INTO product_categories (product_id, category_id) SELECT p.id, c.id FROM products p, categories c WHERE p.store_id = 4 AND c.store_id = 4 AND p.name = 'Comfortable Pants' AND c.slug = 'apparel';
INSERT INTO product_categories (product_id, category_id) SELECT p.id, c.id FROM products p, categories c WHERE p.store_id = 4 AND c.store_id = 4 AND p.name = 'Winter Coat' AND c.slug = 'outerwear';
INSERT INTO product_categories (product_id, category_id) SELECT p.id, c.id FROM products p, categories c WHERE p.store_id = 4 AND c.store_id = 4 AND p.name = 'Running Shoes' AND c.slug = 'footwear';
-- Store 5
INSERT INTO product_categories (product_id, category_id) SELECT p.id, c.id FROM products p, categories c WHERE p.store_id = 5 AND c.store_id = 5 AND p.name = 'Stylish Handbag' AND c.slug = 'accessories';
INSERT INTO product_categories (product_id, category_id) SELECT p.id, c.id FROM products p, categories c WHERE p.store_id = 5 AND c.store_id = 5 AND p.name = 'Elegant Dress' AND c.slug = 'apparel';
INSERT INTO product_categories (product_id, category_id) SELECT p.id, c.id FROM products p, categories c WHERE p.store_id = 5 AND c.store_id = 5 AND p.name = 'Casual Sneakers' AND c.slug = 'footwear';
INSERT INTO product_categories (product_id, category_id) SELECT p.id, c.id FROM products p, categories c WHERE p.store_id = 5 AND c.store_id = 5 AND p.name = 'Denim Jacket' AND c.slug = 'outerwear';
INSERT INTO product_categories (product_id, category_id) SELECT p.id, c.id FROM products p, categories c WHERE p.store_id = 5 AND c.store_id = 5 AND p.name = 'Leather Wallet' AND c.slug = 'accessories';
INSERT INTO product_categories (product_id, category_id) SELECT p.id, c.id FROM products p, categories c WHERE p.store_id = 5 AND c.store_id = 5 AND p.name = 'Sport Watch' AND c.slug = 'accessories';
INSERT INTO product_categories (product_id, category_id) SELECT p.id, c.id FROM products p, categories c WHERE p.store_id = 5 AND c.store_id = 5 AND p.name = 'Summer Hat' AND c.slug = 'accessories';
INSERT INTO product_categories (product_id, category_id) SELECT p.id, c.id FROM products p, categories c WHERE p.store_id = 5 AND c.store_id = 5 AND p.name = 'Designer Sunglasses' AND c.slug = 'accessories';
INSERT INTO product_categories (product_id, category_id) SELECT p.id, c.id FROM products p, categories c WHERE p.store_id = 5 AND c.store_id = 5 AND p.name = 'Bluetooth Headphones' AND c.slug = 'electronics';
INSERT INTO product_categories (product_id, category_id) SELECT p.id, c.id FROM products p, categories c WHERE p.store_id = 5 AND c.store_id = 5 AND p.name = 'Travel Backpack' AND c.slug = 'bags';
INSERT INTO product_categories (product_id, category_id) SELECT p.id, c.id FROM products p, categories c WHERE p.store_id = 5 AND c.store_id = 5 AND p.name = 'Yoga Mat' AND c.slug = 'home-goods';
INSERT INTO product_categories (product_id, category_id) SELECT p.id, c.id FROM products p, categories c WHERE p.store_id = 5 AND c.store_id = 5 AND p.name = 'Coffee Maker' AND c.slug = 'home-goods';
INSERT INTO product_categories (product_id, category_id) SELECT p.id, c.id FROM products p, categories c WHERE p.store_id = 5 AND c.store_id = 5 AND p.name = 'Gaming Mouse' AND c.slug = 'electronics';
INSERT INTO product_categories (product_id, category_id) SELECT p.id, c.id FROM products p, categories c WHERE p.store_id = 5 AND c.store_id = 5 AND p.name = 'Smart Speaker' AND c.slug = 'electronics';
INSERT INTO product_categories (product_id, category_id) SELECT p.id, c.id FROM products p, categories c WHERE p.store_id = 5 AND c.store_id = 5 AND p.name = 'Portable Charger' AND c.slug = 'electronics';
INSERT INTO product_categories (product_id, category_id) SELECT p.id, c.id FROM products p, categories c WHERE p.store_id = 5 AND c.store_id = 5 AND p.name = 'Fitness Tracker' AND c.slug = 'electronics';
INSERT INTO product_categories (product_id, category_id) SELECT p.id, c.id FROM products p, categories c WHERE p.store_id = 5 AND c.store_id = 5 AND p.name = 'Graphic T-Shirt' AND c.slug = 'apparel';
INSERT INTO product_categories (product_id, category_id) SELECT p.id, c.id FROM products p, categories c WHERE p.store_id = 5 AND c.store_id = 5 AND p.name = 'Comfortable Pants' AND c.slug = 'apparel';
INSERT INTO product_categories (product_id, category_id) SELECT p.id, c.id FROM products p, categories c WHERE p.store_id = 5 AND c.store_id = 5 AND p.name = 'Winter Coat' AND c.slug = 'outerwear';
INSERT INTO product_categories (product_id, category_id) SELECT p.id, c.id FROM products p, categories c WHERE p.store_id = 5 AND c.store_id = 5 AND p.name = 'Running Shoes' AND c.slug = 'footwear';

-- =================================================================
-- Table: users
-- Description: Creates one dummy user for each store.
-- =================================================================
INSERT INTO `users` (`store_id`, `name`, `email`, `password_hash`) VALUES
(1, 'Basic User One', 'user.basic1@example.com', '$2b$10$D8.gO5z4.g3gO5z4.g3gO5z4.g3gO5z4.g3gO5z4.g3gO5z4.g3gO'),
(2, 'Basic User Two', 'user.basic2@example.com', '$2b$10$D8.gO5z4.g3gO5z4.g3gO5z4.g3gO5z4.g3gO5z4.g3gO5z4.g3gO'),
(3, 'Standard User', 'user.standard@example.com', '$2b$10$D8.gO5z4.g3gO5z4.g3gO5z4.g3gO5z4.g3gO5z4.g3gO5z4.g3gO'),
(4, 'Premium User', 'user.premium@example.com', '$2b$10$D8.gO5z4.g3gO5z4.g3gO5z4.g3gO5z4.g3gO5z4.g3gO5z4.g3gO'),
(5, 'Diamond User', 'user.diamond@example.com', '$2b$10$D8.gO5z4.g3gO5z4.g3gO5z4.g3gO5z4.g3gO5z4.g3gO5z4.g3gO');

-- =================================================================
-- Table: pages
-- Description: Creates dummy 'About Us' and 'Contact' pages for each store.
-- =================================================================
INSERT INTO `pages` (`store_id`, `title`, `slug`, `content`) VALUES
(1, 'About Us', 'about-us', '<h1>About Elessi</h1><p>Welcome to our store. We are dedicated to providing the best products.</p>'),
(1, 'Contact', 'contact', '<h1>Contact Elessi</h1><p>You can reach us at contact@elessi.com.</p>'),
(2, 'About Us', 'about-us', '<h1>About Elessi</h1><p>Welcome to our store. We are dedicated to providing the best products.</p>'),
(2, 'Contact', 'contact', '<h1>Contact Elessi</h1><p>You can reach us at contact@elessi.com.</p>'),
(3, 'About Us', 'about-us', '<h1>About Chic Boutique</h1><p>Style and elegance for the modern individual.</p>'),
(3, 'Contact', 'contact', '<h1>Contact Chic Boutique</h1><p>You can reach us at contact@chicboutique.com.</p>'),
(4, 'About Us', 'about-us', '<h1>About Gadget Galaxy</h1><p>Your one-stop shop for the latest and greatest in tech.</p>'),
(4, 'Contact', 'contact', '<h1>Contact Gadget Galaxy</h1><p>You can reach us at contact@gadgetgalaxy.com.</p>'),
(5, 'About Us', 'about-us', '<h1>About Urban Threads</h1><p>Defining the future of street fashion.</p>'),
(5, 'Contact', 'contact', '<h1>Contact Urban Threads</h1><p>You can reach us at contact@urbanthreads.com.</p>');

-- Re-enable foreign key checks
SET FOREIGN_KEY_CHECKS=1;

-- =================================================================
-- End of Script
-- =================================================================